Nom de l'entreprise;Nom de domaine de l'entreprise;Code postal;Date de création
Pharmacie Du Parc - La Couronne;pharmacie-du-parc-la-couronne;16400;2024-06-14 11:31
Pharmacie du Moufia- saint Denis;pharmacie-du-moufia-974.com;97490;2024-06-12 12:07
Pharmacie Garenne Trivaux;pharmacie-garenne-trivaux-clamart.fr;92140;2024-06-10 14:19
Pharmacie Malki;pharmacie-malki-vitry-sur-seine.fr;94400;2024-06-03 19:36
Pharmacie du Centre - Ballainvilliers;pharmacie-du-centre-ballainvilliers.com;91160;2024-06-03 18:02
Pharmacie du Soleil - Villeneuve-d'Ascq;pharmaciedusoleil59650.fr;59650;2024-06-03 10:57
Pharmacie Huault;www.pharmacie-huault-duclair.fr;76480;2024-05-30 19:00
Pharmacie De La Paix - Vitry-sur-Seine;pharmacie-de-la-paix-vitry-sur-seine.fr;94400;2024-05-30 16:16
Pharmacie de la Papeterie;www.pharmacie-de-la-papeterie.com;91100;2024-05-29 18:38
Pharmacie Artois Champagne;pharmacie-artoischampagne02.fr;2100;2024-05-22 10:44
Pharmacie des 4 Saisons - Courrières;pharmacie-4-saisons-courrieres.fr;62710;2024-05-22 10:27
Pharmacie Guessad - Wattrelos;pharmacie-guessad.fr;59150;2024-05-22 10:09
Pharmacie Saint-Martin - Saint-Martin-Boulogne;pharmaciesaintmartin-62.fr;62280;2024-05-22 09:51
Pharmacie de la Comté;pharmacie-de-la-comte.fr;63270;2024-05-21 08:32
Pharmacie des Coquillages;pharmacie-des-coquillages-angoulins.fr;17690;2024-04-29 17:20
Pharmacie de Chavanoz;pharmacie-chavanoz.fr;38230;2024-04-26 18:49
Pharmacie des Loubatières;pharmacie-des-loubatieres.fr;63800;2024-04-26 18:44
Pharmacie Jozan;pharmacie-jozan-cuiseaux.fr;71480;2024-04-26 18:24
PharmaDN;pharmadn.fr;91130;2024-04-15 11:04
Pharmacie Saint Jacques - Deuleuze - Beaune;pharmacie-beaune.com;21200;2024-04-12 12:43
Pharmacie de Piriac;pharmacie-de-piriac.fr;44420;2024-04-08 11:05
Pharmacie du Bourg (La Roche-sur-Yon);pharmacie-du-bourg-la-roche-sur-yon.fr;85000;2024-04-03 15:08
Pharmacie du Taillon;pharmacie-du-taillon.com;17240;2024-04-02 17:51
Pharmacie Terrain Fleury - Le Tampon;pharmacie-terrain-fleury.com;97430;2024-03-29 13:22
Pharmacie Saint-Pierre - Steenvoorde;pharmaciesaintpierre-steenvoorde.fr;59114;2024-03-29 11:45
Pharmacie du Grand Chêne - Douchy-les-mines;pharmacie-du-grand-chene.fr;59282;2024-03-29 10:25
Pharmacie Gagnaire - Issoire;pharmacie-gagnaire-issoire.fr;63500;2024-03-28 12:52
Pharmacie du Vigenal;pharmacie-du-vigenal-limoges.fr;87100;2024-03-26 20:56
Pharmacie de Fontcouverte;pharmacie-de-fontcouverte.fr;17100;2024-03-25 18:52
Pharmacie Peda;pharmacie-peda-annet-sur-marne.fr;77410;2024-03-25 18:01
Pharmacie du Coeur de Ville (Saint-Barthélemy-d'Anjou);pharmacie-du-coeur-de-ville.com;49124;2024-03-25 10:27
Pharmacie Heitz;pharmacie-heitz-rosny-sous-bois.fr;93110;2024-03-21 19:51
Pharmacie Nicolas;pharmacie-nicolas-les-abrets.fr;38490;2024-03-21 09:09
Pharmacie de la Mairie (Épernon);pharmacie-de-la-mairie-epernon.fr;28230;2024-03-20 10:21
Pharmacie Garcon de Houeillès;pharmacie-de-houeilles.com;47420;2024-03-18 08:18
Pharmacie Sultana;pharmacie-sultana-pont-du-chateau.fr;63430;2024-03-11 11:58
Pharmacie de la Solidarité;pharmacie-solidarite-93.fr;93100;2024-03-11 10:48
Pharmacie Bellardie Perret;pharmacie-bellardie-perret.fr;19460;2024-03-05 15:45
Pharmacie Rive Gauche;pharmacie-rive-gauche-chinon.fr;37500;2024-03-04 20:09
Pharmacie du verger;pharmacieduverger62.fr;62860;2024-02-29 14:43
Pharmacie Saint Sauveur;pharmacie-saint-sauveur.com;71480;2024-02-29 13:33
Groupement Cap Guadeloupe;cap-guadeloupe.com;97160;2024-02-28 13:22
Pharmacie de la Source (Jonzac);pharmacie-de-la-source-jonzac.fr;17500;2024-02-27 20:13
Pharmacie Place d'Armes - Douai;pharmacie-place-armes-douai.fr;59500;2024-02-27 11:46
Pharmacie D'Espagne;pharmacie-d-espagne-bayonne.fr;64100;2024-02-22 11:53
Pharmacie de l'Avenue - Maubeuge;pharmacie-avenue-maubeuge.fr;59600;2024-02-21 13:54
Pharmacie de Chalosse;pharmacie-de-chalosse-pomarez.fr;40360;2024-02-16 08:37
Pharmacie du Frayol;pharmacie-du-frayol-le-teil.fr;7400;2024-02-15 08:50
Grande Pharmacie De Cavignac;grande-pharmacie-de-cavignac.fr;33620;2024-02-14 13:05
Pharmacie Frébault - Pointe-a-pitre;pharmacie-frebault-pointe-a-pitre.com;97110;2024-02-13 06:31
Pharmacie Westeel;pharmacie-ennevelin.fr;59710;2024-02-12 09:19
Pharmacie de Paris (La Baule);pharmacie-de-paris-la-baule.fr;44500;2024-02-07 19:22
Pharmacie 1801;pharmacie-1801.fr;40000;2024-02-07 18:39
Pharmacie de la Plaine;https://france-veto.com/;69110;2024-02-02 18:51
Pharmacie Guiot - Sainte Anne (Les Herbiers);pharmacie-sainte-anne-les-herbiers.fr;85500;2024-02-01 10:06
Pharmacie Coen;pharmacie-coen.fr;59780;2024-01-31 10:14
Pharmacie du Barrage;pharmacie-du-barrage-bergerac.fr;24100;2024-01-30 17:44
Pharmacie Saint Bonnet;pharmacie-saint-bonnet-villefontaine.fr;38090;2024-01-25 08:41
Pharmacie Rouxel;pharmacie-rouxel-coex.fr;85220;2024-01-11 16:26
Pharmacie de la Mairie - Le Moule;pharmacie-de-la-mairie-le-moule.com;97160;2024-01-08 12:19
Grande Pharmacie du Raizet;grande-pharmacie-raizet-abymes.com;97135;2024-01-02 08:11
Pharmacie de Monistrol;pharmacie-monistrol-lorient.fr;56100;2023-12-28 15:27
Pharmacie des Pins - Saint-Jacut-les-Pins;pharmacie-saint-jacut-les-pins.fr;56220;2023-12-27 14:53
Pharmacie Gustavia - Saint Barth;pharmacie-gustavia-st-barth.com;97133;2023-12-20 11:09
Pharmacie Combé - Capesterre;pharmacie-combe-capesterre.com;97130;2023-12-19 12:11
Pharmacie Gombauld - Les Abymes;pharmacie-gombauld.com;97139;2023-12-19 11:51
Pharmacie Fleur de Canne - Bangou;pharmaciefleurdecanne.fr;97115;2023-12-19 11:37
Grande Pharmacie d'Echirolles;grande-pharmacie-echirolles.com;38130;2023-12-14 14:01
Pharmacie Martignac;pharmacie-martignac-sainte-anne.com;97180;2023-12-11 23:31
Pharmacie de Manciet;pharmacie-de-manciet.fr;32370;2023-12-11 08:58
Pharmacie Dulucq Fanny;pharmacie-dulucq-fanny.fr;65700;2023-12-11 08:40
Pharmacie de la Jarne;pharmacie-de-la-jarne.com;17220;2023-12-05 17:54
Pharmacie de la République - Hennebont;pharmacie-de-la-republique-hennebont.fr;56700;2023-12-05 17:53
Pharmacie des 3 Rivières - Mareuil;pharmacie-des-3-rivieres-mareuil.fr;85320;2023-12-04 10:13
Pharmacie de l'Hôtel de Ville - La Madeleine;pharmacie-hdv-lamadeleine.fr;59110;2023-11-29 13:37
Pharmacie de l'Hôtel de Ville - Aulnoye-Aymeries;pharmacie-hdv-59620.fr;59620;2023-11-29 12:31
Pharmacie Auffray - Robert;pharmacie-auffray-robert-betton.fr;35830;2023-11-28 18:34
Pharmacie Des Portes De Pujols;pharmacie-des-portes-de-pujols.com;47300;2023-11-23 14:57
Pharmacie du Moulin Neuf;pharmacie-du-moulin-neuf-peaule.fr;56130;2023-11-21 19:06
Pharmacie Saint Louis de Montferrand;pharmacie-st-louis-de-montferrand.fr;33440;2023-11-20 12:01
Pharmacie de Viviers;pharmacie-de-viviers.fr;7220;2023-11-17 18:19
Pharmacie Genevieve Pineau - Pointe-à-Pitre;pharmacie-genevieve-pineau.com;97110;2023-11-16 19:22
Pharmacie des Écoles - Rueil-Malmaison;pharmacie-des-ecoles-rueil-malmaison.fr;92500;2023-11-16 17:03
Pharmacie du Moulinet;pharmacie-du-moulinet-chantonnay.fr;85110;2023-11-16 16:01
Pharmacie Assier Gemelli;pharmacie-assier-gemelli-bergerac.fr;24100;2023-11-15 15:37
Pharmacie Les Bas Longchamps;pharmacie-les-bas-longchamps-bagneux.fr;92220;2023-11-14 15:16
Pharmacie des Vallées (Argentonnay);pharmacie-des-vallees-argentonnay.fr;79150;2023-11-09 09:51
Pharmacie Brécourt;pharmacie-brecourt.fr;50120;2023-11-08 17:54
Pharmacie de l'Église (Besné);pharmaciedeleglise-besne.fr;44160;2023-11-07 18:48
Pharmacie du Golf;pharmacie-du-golf-bailly-romainvilliers.fr;77700;2023-11-06 15:22
Pharmacie De L'Hôtel De Ville - La Ferté-sous-Jouarre;pharmacie-hotel-de-ville-la-ferte-sous-jouarre.fr;77260;2023-11-06 15:22
Pharmacie des Templiers (Élancourt);pharmacie-des-templiers-elancourt.fr;78990;2023-11-06 11:59
Pharmacie de Domagné;pharmacie-de-domagne.fr;35113;2023-11-06 11:45
Pharmacie de la Chevrolière;pharmacie-la-chevroliere.fr;44118;2023-11-06 11:16
Pharmacie Mellado Abscon;pharmacie-mellado-abscon.fr;59215;2023-10-31 10:44
Pharmacie Mellado Ecaillon;pharmacie-mellado-ecaillon.fr;59176;2023-10-31 10:34
Pharmacie BeauxBatons;pharmacie-beauxbatons.fr;59176;2023-10-31 10:19
Pharmacie Centrale - Saint-Etienne-du-Bois;pharmacie-saint-etienne-du-bois.com;1370;2023-10-25 14:14
Pharmacie Centrale - Lezay;pharmacie-centrale-lezay.fr;79120;2023-10-23 11:20
Pharmacie Devineau-Lebon;pharmacie-devineau-lebon-goven.fr;35580;2023-10-18 07:42
Pharmacie de Saint-Fort;pharmacie-de-saint-fort-sur-gironde.fr;17240;2023-10-16 16:04
Pharmacie Du Haut Blayais;pharmacie-du-haut-blayais.com;33820;2023-10-13 15:52
Pharmacie Royale - Calais;pharmacie-royale-calais.fr;62100;2023-10-10 11:59
Pharmacie Bosquet;pharmacie-du-bosquet-moufia.com;97490;2023-10-09 10:20
Pharmacie de la Halle - Cazères;pharmacie-cazeres.fr;31220;2023-10-06 10:27
Pharmacie de Puilboreau;pharmacie-puilboreau.fr;17138;2023-10-06 08:37
Grande Pharmacie de Brazza;grande-pharmacie-de-brazza.fr;33100;2023-09-28 11:06
Pharmacie Enderle;pharmacie-enderle.fr;59980;2023-09-21 14:08
Pharmacie de la Brenne;pharmaciedelabrenne.fr;37380;2023-09-18 11:16
Pharmacie De La Mairie - Saint-Andre;pharmacie-de-la-mairie-saint-andre.com;97440;2023-09-13 14:31
Pharmacie des Hucherolles;pharmacie-des-hucherolles-chinon.fr;37500;2023-09-06 11:23
Pharmacie de la Choisille;pharmacie-de-la-choisille.fr;37390;2023-09-05 11:39
Pharmacie Viv'Erdre;pharmacie-viv-erdre.com;44240;2023-08-04 16:17
Pharmacie Guillard;pharmacie-guillard.fr;;2023-08-01 17:17
Pharmasun - Sainte Clotilde (2L Pharma);pharmasun-sainte-clotilde.com;97490;2023-08-01 17:17
Pharmacie Du Boulevard Sud - Sainte Clotilde;pharmacie-boulevard-sud-sainte-clotilde.com;97490;2023-08-01 17:17
Pharmacie Bois de Nefles (Hirdjee);pharmacie-bois-de-nefles.com;97490;2023-08-01 17:17
Pharmacie des Dauphins - Tsararano;pharmacie-des-dauphins-tsararano.com;97660;2023-08-01 17:17
Pharmacie de l'Odéon - Saint Joseph;pharmacie-odeon-saint-joseph.com;97480;2023-08-01 17:17
Pharmacie de Koungou;pharmacie-de-koungou.com;97600;2023-08-01 17:17
Pharmacie des Badamiers - Dzaoudzi;pharmacie-des-badamiers-dzaoudzi.com;97615;2023-08-01 17:17
Pharmacie Grand Sud;pharmacie-grand-sud-saint-joseph.com;97480;2023-08-01 17:17
Pharmacie de Passamainty - Mayotte;pharmacie-passamainty.com;97605;2023-08-01 17:17
Pharmacie Centrale - Saint Louis;pharmacie-centrale-saint-louis.com;97450;2023-08-01 17:17
Pharmacie Rivière des Roches - Saint-Benoît;pharmacie-riviere-des-roches-saint-benoit.com;97470;2023-08-01 17:17
Pharmacie des Alizés;pharmacie-alizes-saint-gilles.com;97460;2023-08-01 17:17
Pharmacie Fleur de Canne - St André;pharmacie-fleur-de-canne-saint-andre.com;97440;2023-08-01 17:17
Pharmacie Roche Maigre;pharmacie-roche-maigre-saint-louis.com;97450;2023-08-01 17:17
Pharmacie des Grevilleas - La Saline;pharmacie-grevilleas-la-saline.com;97460;2023-08-01 17:17
Pharmacie Paille en Queue - Saint Joseph;pharmacie-paille-en-queue.com;97480;2023-08-01 17:17
Pharmacie Azur;pharmacie-azur-saint-andre.com;97440;2023-08-01 17:17
Pharmacie du Centre - Ste Marie;pharmacie-du-centre-sainte-marie.com;97438;2023-08-01 17:17
Pharmacie Tour Des Roches - SAINT PAUL;pharmacie-tour-des-roches-saint-paul.com;97460;2023-08-01 17:17
Pharmacie du Moulin Joli - Possession;pharmaciedumoulinjoli.fr;97419;2023-08-01 17:17
Pharmacie du Rosaire;pharmacie-rosaire-saint-louis.com;97421;2023-08-01 17:17
Pharmacie Petite Ile;pharmacie-petite-ile-saint-nicolas.com;97429;2023-08-01 17:17
Pharmacie des Makes;pharmacie-des-makes.com;97421;2023-08-01 17:17
Pharmacie des Trois Mares;pharmacie-des-trois-mares-le-tampon.com;97430;2023-08-01 17:17
Pharmacie du Soleil - Saint-Leu;pharmacie-du-soleil-saint-leu.com;97416;2023-08-01 17:17
Pharmacie de la Possession;pharmacie-de-la-possession.com;97419;2023-08-01 17:17
Pharmacie de la Forêt - Le Tévelave;pharmacie-de-la-foret-tevelave.com;97425;2023-08-01 17:17
Pharmacie des Letchis;pharmacie-des-letchis-etang-sale.com;97427;2023-08-01 17:17
Pharmacie du Portail - Saint Leu;pharmacie-portail-saint-leu.com;97424;2023-08-01 17:17
Pharmacie du Ouaki - La Riviere;pharmacie-ouaki-la-riviere.com;97421;2023-08-01 17:17
Pharmacie des Avirons;pharmacie-des-avirons.com;97425;2023-08-01 17:17
Pharmacie Vauban - Saint Denis;pharmacie-vauban-saint-denis.com;97400;2023-08-01 17:17
Pharmacie Massiau - Saint Denis;pharmacie-massiau-saint-denis.com;97400;2023-08-01 17:17
Pharmacie de la Montagne;pharmacie-de-la-montagne.com;97400;2023-08-01 17:17
Pharmacie Bellepierre - Saint-Denis;pharmacie-bellepierre.com;97400;2023-08-01 17:17
Pharmacie du Sud - Saint-Pierre;pharmacie-du-sud-saint-pierre.com;97410;2023-08-01 17:17
Pharmacie De La Providence;pharmacieprovidencevifane.com;97400;2023-08-01 17:17
Pharmacie de La Source (Louvet Pierre);pharmacie-de-la-source-974.com;97400;2023-08-01 17:17
Pharmacie Rose Cayenne - Petit Canal;pharmacie-rose-cayenne.com;97131;2023-08-01 17:17
Pharmacie Marquisat - Baie Mahault;pharmacie-marquisat-baie-mahault.com;97122;2023-08-01 17:17
Pharmacie Pointe Bacchus - Petit Bourg;pharmacie-pointe-bacchus-petit-bourg.com;97170;2023-08-01 17:17
Pharmacie Maveli (Anc. Leconte De Lisle);pharmacie-maveli.com;97400;2023-08-01 17:17
Pharmacie de Boucan;pharmacie-de-boucan.com;97400;2023-08-01 17:17
Pharmacie Saminadin - Saint Claude;pharmacie-saminadin-saint-claude.com;97120;2023-08-01 17:17
Pharmacie Bordi - Morne-à-l'Eau;pharmacie-bordi-morne-a-eau.com;97111;2023-08-01 17:17
Pharmacie Des 4 Routes;pharmacie-des-4-routes-drancy.com;93700;2023-08-01 17:17
Pharmacie Capet - Les Abymes;pharmacie-capet-abymes.com;97139;2023-08-01 17:17
Pharmacie Du Val De Gorre;pharmacie-du-val-de-gorre.fr;87310;2023-08-01 17:17
Pharmacie Champagne-Faux;pharmacie-champagne-faux-naintre.fr;86530;2023-08-01 17:17
Pharmacie de Landouge;pharmacie-de-landouge-limoges.fr;87100;2023-08-01 17:17
Pharmacie d'Eymoutiers;pharmacie-eymoutiers.fr;87120;2023-08-01 17:17
Pharmacie des Halles (Valence-en-Poitou);pharmacie-des-halles-valence-en-poitou.fr;86700;2023-08-01 17:17
Pharmacie Vacarie;pharmacie-vacarie.fr;87400;2023-08-01 17:17
Pharmacie Des Rochereaux;pharmacie-des-rochereaux-migne-auxances.fr;86440;2023-08-01 17:17
Pharmacie Bouet;pharmacie-bouet-dange-saint-romain.fr;86220;2023-08-01 17:17
Pharmacie Du Marché - Chauvigny;pharmacie-du-marche-chauvigny.fr;86300;2023-08-01 17:17
Pharmacie Moderne;pharmacie-moderne-civray.com;86400;2023-08-01 17:17
Pharmacie Giansanti;pharmacie-giansanti-moncontour.com;86330;2023-08-01 17:17
Pharmacie De La Demi-Lune;pharmacie-de-la-demi-lune-poitiers.fr;86000;2023-08-01 17:17
Pharmacie Valdivienne;pharmacie-valdivienne.fr;86300;2023-08-01 17:17
Pharmacie Macouin;pharmacie-macouin-saint-jean-de-sauves.fr;86330;2023-08-01 17:17
Pharmacie de la Clouère;pharmacie-de-la-clouere.com;86350;2023-08-01 17:17
Pharmacie De Ligugé;pharmacie-de-liguge.com;86240;2023-08-01 17:17
Pharmacie Pradoux;pharmacie-de-latille.fr;86190;2023-08-01 17:17
Pharmacie de Bournezeau;pharmacie-de-bournezeau.com;85480;2023-08-01 17:17
Pharmacie Herbreteau;pharmacie-herbreteau-beaurepaire.com;85500;2023-08-01 17:17
Pharmacie De Talmont;pharmacie-de-talmont.com;85440;2023-08-01 17:17
Pharmacie Du Prieuré;pharmacie-du-prieure-rocheserviere.com;85620;2023-08-01 17:17
Pharmacie Guiot;pharmacie-guiot-cugand.fr;85610;2023-08-01 17:17
Pharmacie Clémot Jacques;pharmacie-clemot-jacques-pouzauges.com;85700;2023-08-01 17:17
Pharmacie de Champagné;pharmacie-champagne-les-marais.com;85450;2023-08-01 17:17
Pharmacie Notre Dame de la Nativité;pharmacie-notre-dame-de-la-nativite.fr;85500;2023-08-01 17:17
Pharmacie Le Joubioux;pharmacie-le-joubioux-foussais-payre.com;85240;2023-08-01 17:17
Pharmacie de Commequiers;pharmacie-de-commequiers.fr;85220;2023-08-01 17:17
Pharmacie Du Porteau;pharmacie-du-porteau-fontenay.com;85200;2023-08-01 17:17
Pharmacie Pavageau;pharmacie-pavageau-bouin.fr;85230;2023-08-01 17:17
Pharmacie D'Aubigny;pharmacie-aubigny.com;85430;2023-08-01 17:17
Pharmacie Haudebourg Libeau;pharmacie-haudebourg-libeau.com;85230;2023-08-01 17:17
Pharmacie Naulet;pharmacie-naulet-sainte-hermine.fr;85210;2023-08-01 17:17
Pharmacie Valmorin;pharmacie-valmorin-la-chataigneraie.fr;85120;2023-08-01 17:17
Pharmacie Leeuws;pharmacie-leeuws-chateau-dolonne.com;85180;2023-08-01 17:17
Pharmacie Sainte Flaive des Loups;pharmacie-sainte-flaive-des-loups.fr;85150;2023-08-01 17:17
Pharmacie Rambaud;pharmacie-rambaud-les-essarts.com;85140;2023-08-01 17:17
Pharmacie Minoza;pharmacie-minoza-essarts-en-bocage.com;85140;2023-08-01 17:17
Pharmacie Mouilleron Santé (anciennement Pharmacie Rousseau);pharmacie-mouilleron-sante.fr;85000;2023-08-01 17:17
Pharmacie Delgrange (anc. Centrale Doullens);pharmacie-centrale-doullens.fr;80600;2023-08-01 17:17
Pharmacie De L'Avre;pharmacie-avre-roye.com;80700;2023-08-01 17:17
Pharmacie Des Larris;pharmacie-des-larris-senarpont.com;80140;2023-08-01 17:17
SELARL Pharmacie De Roisel;pharmacie-de-roisel.fr;80240;2023-08-01 17:17
Pharmacie Deleau;pharmacie-deleau-lignieres-chatelain.com;80290;2023-08-01 17:17
Pharmacie Delpech;pharmacie-delpech-amiens.com;80000;2023-08-01 17:17
Pharmacie de la Joyette;pharmacie-la-joyette-saint-varent.com;79330;2023-08-01 17:17
Pharmacie De Beauvoir;pharmacie-beauvoir-sur-niort.fr;79360;2023-08-01 17:17
Pharmacie du Coeur de Ville;pharmacie-du-coeur-de-ville.fr;79250;2023-08-01 17:17
Pharmacie Notre Dame - Bressuire;pharmacie-notre-dame-bressuire.com;79300;2023-08-01 17:17
Pharmacie Du Marché - Saint-Maixent-l'École;pharmacie-du-marche-saint-maixent-l-ecole.com;79400;2023-08-01 17:17
Pharmacie St Jacques;pharmacie-saint-jacques-bressuire.fr;79300;2023-08-01 17:17
Pharmacie De La Poste - Melle;pharmacie-de-la-poste-melle.com;79500;2023-08-01 17:17
Pharmacie des Vignes Rousses;pharmacie-des-vignes-rousses-pamproux.fr;79800;2023-08-01 17:17
Pharmacie Landré;pharmacie-landre-moncoutant.com;79320;2023-08-01 17:17
Pharmacie Des Tilleuls - Aigondigne;pharmacie-des-tilleuls-aigondigne.fr;79370;2023-08-01 17:17
Pharmacie Des Halles (La Crèche);pharmacie-des-halles-la-creche.fr;79260;2023-08-01 17:17
Pharmacie Roulleau;pharmacie-roulleau-secondigny.fr;79130;2023-08-01 17:17
Pharmacie de Cerizay;pharmacie-de-cerizay.fr;79140;2023-08-01 17:17
Pharmacie De La Guirande;pharmacie-de-la-guirande.com;79230;2023-08-01 17:17
Pharmacie du Cerisier;pharmacie-du-cerisier-niort.fr;79000;2023-08-01 17:17
Pharmacie Des Capucins;pharmacie-des-capucins-thouars.com;79100;2023-08-01 17:17
Pharmacie Du Centre - Sauzé-Vaussais;pharmacie-sauze-vaussais.com;79190;2023-08-01 17:17
Pharmacie Vanier;pharmacie-vanier.com;79160;2023-08-01 17:17
Pharmacie des Facultés - Paris;pharmaciedesfacultes-paris.fr;75005;2023-08-01 17:17
Pharmacie Delamare;pharmacie-delamare-yvetot.fr;76190;2023-08-01 17:17
Pharmacie Blanchart;pharmacie-blanchart-niort.com;79000;2023-08-01 17:17
Pharmacie De L'Olivier;pharmaciedelolivier-niort.com;79000;2023-08-01 17:17
Pharmacie Cuq;pharmacie-cuq.com;79000;2023-08-01 17:17
Pharmacie de la Gare Niort;pharmacie-de-la-gare-niort.com;79000;2023-08-01 17:17
Pharmacie Des Carroz;pharmacie-des-carroz.fr;74300;2023-08-01 17:17
Pharmacie Des Lacs;pharmacie-des-lacs-thyez.fr;74300;2023-08-01 17:17
Pharmacie Du Danay;pharmacie-la-clusaz.fr;74220;2023-08-01 17:17
Pharmacie de Lugrin;pharmacie-lugrin.fr;74500;2023-08-01 17:17
Pharmacie Cachat;la-pharmacie-cachat-evian.com;74500;2023-08-01 17:17
Pharmacie Bois;pharmacie-bois-luche-pringe.fr;72800;2023-08-01 17:17
Pharmacie de Pontvallain;pharmacie-de-pontvallain.fr;72510;2023-08-01 17:17
SELARL Pharmacie De Buisson Rond;;73000;2023-08-01 17:17
Pharmacie Israël;pharmacie-israel-alexandre-le-lude.com;72800;2023-08-01 17:17
Pharmacie De Saint Saturnin;pharmacie-saint-saturnin.fr;72650;2023-08-01 17:17
Pharmacie de Neufchâtel (anc. Morin);pharmacie-morin-neufchatel-en-saosnois.com;72600;2023-08-01 17:17
Pharmacie Saint Georges Du Bois;pharmacie-saint-georges-du-bois.com;72700;2023-08-01 17:17
Pharmacie de Lombron;pharmacie-de-lombron.fr;72450;2023-08-01 17:17
Pharmacie de L'Île - Sablé-sur-Sarthe;pharmacie-de-lile-sable.fr;72300;2023-08-01 17:17
Pharmacie Du Val De Sarthe;pharmacie-du-val-de-sarthe-la-suze.fr;72210;2023-08-01 17:17
Pharmacie Lavallée;pharmacie-lavallee-beaumont-sur-sarthe.com;72170;2023-08-01 17:17
Pharmacie Le Coz;pharmacie-le-coz-arnage.fr;72230;2023-08-01 17:17
Pharmacie du Chêne Vert;pharmacie-du-chene-vert-chateauduloir.fr;72500;2023-08-01 17:17
Pharmacie Martin-Toutin;pharmacie-martin-toutin-teloche.fr;72220;2023-08-01 17:17
SELARL Pharmacie Flotté-Couilleaux;pharmacie-flotte-couilleaux-mulsanne.fr;72230;2023-08-01 17:17
Pharmacie Bourdais;pharmacie-bourdais-le-mans.com;72100;2023-08-01 17:17
Pharmacie Geneslay Darreau;pharmacie-geneslay-darreau.fr;72100;2023-08-01 17:17
Pharmacie De L'Éperon;pharmaciedeleperon-le-mans.com;72000;2023-08-01 17:17
Pharmacie Philippe;;71800;2023-08-01 17:17
Pharmacie de la Pointe Batignolles;pharmacie-de-la-pointe-batignolles-le-mans.fr;72100;2023-08-01 17:17
Pharmacie Des Alpes Mancelles;pharmacie-fresnay-sur-sarthe.com;72130;2023-08-01 17:17
Pharmacie de l'Avenir - Bonnetable;pharmaciedelavenir-bonnetable.fr;72110;2023-08-01 17:17
Pharmacie Du Viaduc;pharmacie-du-viaduc-le-mans.com;72100;2023-08-01 17:17
Pharmacie Durupt (Pharmacie Ampère);pharmacie-ampere-pierre-benite.fr;69310;2023-08-01 17:17
Pharmacie Jean Moulin;pharmacie-jean-moulin.fr;69300;2023-08-01 17:17
Pharmacie De La Porte De Lyon;pharmacie-porte-de-lyon.fr;69570;2023-08-01 17:17
Pharmacie Plasse;pharmacie-plasse-venissieux.fr;69200;2023-08-01 17:17
Pharmacie Charbonnoise;pharmacie-charbonnieres-les-bains.fr;69260;2023-08-01 17:17
Pharmacie Saint Pierre De Vaise;pharmacie-saint-pierre-de-vaise-lyon.fr;69009;2023-08-01 17:17
Pharmacie du Charréard;pharmacie-du-charreard-venissieux.fr;69200;2023-08-01 17:17
Pharmacie de Villefranque;pharmacie-de-villefranque.fr;64990;2023-08-01 17:17
Pharmacie Marme Dauphant;pharmacie-marme-dauphant-thiers.fr;63300;2023-08-01 17:17
Pharmacie Saint-Assiscle;pharmacie-saint-assiscle-perpignan.fr;66000;2023-08-01 17:17
Entretiens de Galien;lesentretiensdegalien.fr;69003;2023-08-01 17:17
Pharmacie Okabe;pharmacie-okabe.fr;64220;2023-08-01 17:17
Pharmacie De Lalloeu;pharmacie-de-lalloeu.fr;62840;2023-08-01 17:17
Pharmacie du Sans-souci;pharmacie-du-sans-souci-chatel-guyon.fr;63140;2023-08-01 17:17
Pharmacie Du Bourg - Perignat;pharmacie-perignat-les-sarlieve.fr;63170;2023-08-01 17:17
Pharmacie Yvart - 7 Vallées;pharmacie7vallees.com;62870;2023-08-01 17:17
Pharmacie de Jaude Fradin;pharmacie-jaude-fradin.fr;63000;2023-08-01 17:17
Pharmacie République - Clermont-Ferrand;pharmacie-republique-clermont-ferrand.fr;63100;2023-08-01 17:17
Pharmacie De La Châtaigneraie;pharmacie-chataigneraie.fr;63110;2023-08-01 17:17
Pharmacie de Fleurbaix;pharmacie-fleurbaix.fr;62840;2023-08-01 17:17
Pharmacie Lefevre;pharmacie-lefevre-tournehem-hem.com;62890;2023-08-01 17:17
Pharmacie Centrale de Julien Lorthois;pharmacie-centrale-courrieres.fr;62710;2023-08-01 17:17
Pharmacie Fremaux;pharmacie-fremaux-lievin.fr;62800;2023-08-01 17:17
Pharmacie du Lac;pharma-du-lac.fr;62610;2023-08-01 17:17
Pharmacie Cousin;pharmacie-cousin-loos.fr;62750;2023-08-01 17:17
Pharmacie de l'Hôtel de Ville - Bruay la Buissiere;pharmacie-bruay-buissiere.fr;62700;2023-08-01 17:17
Pharmacie De La Mairie Beuvry;pharmaciedelamairiebeuvry.fr;62660;2023-08-01 17:17
Pharmacie Du Stade Parc;pharmacie-stade-parc.fr;62700;2023-08-01 17:17
Pharmacie De La Marine;pharmaciedelamarine-etaples.com;62630;2023-08-01 17:17
Pharmacie des Flandres - Arques;pharmacie-flandres-arques.fr;62510;2023-08-01 17:17
Pharmacie De L'Europe - Arques;europe-pharma-arques.com;62510;2023-08-01 17:17
Pharmacie Ledoux;pharmacie-ledoux.fr;62490;2023-08-01 17:17
Pharmacie Carton Harnes;pharmacie-harnes.fr;62440;2023-08-01 17:17
SELAS Pharmacie Duhoo Mareville;pharmacie-duhoo-mareville.fr;62250;2023-08-01 17:17
Pharmacie Sophie Pont;pharmacie-pont-guines.fr;62340;2023-08-01 17:17
Pharmacie du Haut Pays;pharmacie-haut-pays.fr;62310;2023-08-01 17:17
Pharmacie Des Hauts De Lens;pharmacie-des-hauts-de-lens.fr;62300;2023-08-01 17:17
Pharmacie Brunet;pharmacie-brunet-saint-martin-boulogne.com;62280;2023-08-01 17:17
Pharmacie de la Grand'Place - Audruicq;phie-audruicq.fr;62370;2023-08-01 17:17
Pharmacie Sainte Catherine;pharmacie-sainte-catherine.com;62219;2023-08-01 17:17
Pharmacie République - Avion;pharmacie-republique-avion.com;62210;2023-08-01 17:17
Pharmacie Du 4;pharmaciedu4-avion.com;62210;2023-08-01 17:17
Pharmacie du Centre Carvin;pharmacie-centre-carvin.fr;62220;2023-08-01 17:17
Pharmacie Valque;pharmacie-valque-beaurains.fr;62217;2023-08-01 17:17
Pharmacie Du Centre - Marquise;pharmacie-du-c-centre.fr;62250;2023-08-01 17:17
Pharmacie Place Gambetta (anc. Brasseur);pharmacie-placegambetta.com;62220;2023-08-01 17:17
Pharmacie Willaume;pharmacie-willaume-lillers.fr;62190;2023-08-01 17:17
Pharmacie Porte Neuve;pharmacie-porte-neuve.fr;62200;2023-08-01 17:17
Pharmacie Milhamont;pharmacie-milhamont.fr;62129;2023-08-01 17:17
Pharmacie De L'Avenue - Marconne;pharmacie-avenue-hesdin.com;62140;2023-08-01 17:17
Pharmacie du Nouvel Essor;pharmacie-nouvel-essor.fr;62160;2023-08-01 17:17
Pharmacie Brequerecque (anc. Thieffry);pharmacie-thieffry.fr;62200;2023-08-01 17:17
Pharmacie du Village (anc. Pesla);la-pharmacie-pesla.com;62141;2023-08-01 17:17
Pharmacie De L'Abbaye;pharmacie-abbaye-arras.com;62000;2023-08-01 17:17
Pharmacie Des Cailloux;pharmaciedescailloux.fr;62100;2023-08-01 17:17
Pharmacie de Brebières (anc. Lepage);pharmacie-brebieres.fr;62117;2023-08-01 17:17
Pharmacie des Loges;pharmacie-des-loges.fr;62123;2023-08-01 17:17
Pharmacie de la Nation;pharmacie-nation-calais.fr;62100;2023-08-01 17:17
Pharmacie Des Andaines;pharmacie-des-andaines.com;61600;2023-08-01 17:17
Pharmacie de la poste;pharmacie-poste-calais.fr;62100;2023-08-01 17:17
Pharmacie Du Beau Marais;pharmacie-du-beau-marais.com;62100;2023-08-01 17:17
Pharmacie Jules Ferry;pharmacie-jules-ferry-lacroix-saint-ouen.com;60610;2023-08-01 17:17
Pharmacie Centrale - Flers;pharmacie-centrale-flers.com;61100;2023-08-01 17:17
Pharmacie Navelot;pharmacie-navelot-serifontaine.fr;60590;2023-08-01 17:17
Pharmacie du Thelle (anc. Méot);pharmacie-neuilly-en-thelle.com;60530;2023-08-01 17:17
Pharmacie De La Gare - Clermont;pharmacie-gare-clermont.com;60600;2023-08-01 17:17
Pharmacie Leclere (Jouen);pharmacie-leclere-jouen-andeville.com;60570;2023-08-01 17:17
Pharmacie Bertocchi (anc. des Lycées);pharmacie-bertocchi-chantilly.com;60500;2023-08-01 17:17
Pharmacie Gaillet;pharmacie-gaillet-froissy.fr;60480;2023-08-01 17:17
Pharmacie Des Thermes - Bagnoles de l'Orne;pharmacie-des-thermes-61.fr;61140;2023-08-01 17:17
Pharmacie Saint Michel;pharmacie-saint-michel-flers.fr;61100;2023-08-01 17:17
Pharmacie De La Grand'Place - Fresnes;pharmacie-grandplace.com;59970;2023-08-01 17:17
Pharmacie des Margnotins;pharmacie-margny-compiegne.fr;60280;2023-08-01 17:17
Pharmacie Amory;pharmacie-fresnoy-la-riviere.com;60127;2023-08-01 17:17
Pharmacie De La Picardie Verte;pharmacie-de-la-picardie-verte.fr;60210;2023-08-01 17:17
Pharmacie Haquette (Charles);pharmacie-haquette.fr;59910;2023-08-01 17:17
Pharmacie Belle Croix;pharmacie-belle-croix-quesnoy.fr;59890;2023-08-01 17:17
Pharmacie de Céline Haquette (Clerc Village);pharmacie-bondues.com;59910;2023-08-01 17:17
Pharmacie Prevost Dufour;pharmacie-lille-fives.com;59800;2023-08-01 17:17
Pharmacie Regnault;pharmacie-regnault-lille.fr;59800;2023-08-01 17:17
Pharmacie De La Deesse;pharmaciedeladeesse-lille.fr;59800;2023-08-01 17:17
Pharmacie du Centre - Cysoing;pharmacie-ducentre-cysoing.fr;59830;2023-08-01 17:17
Pharmacie Lebecque (Anc. Leulliette);pharmacie-lebecque.fr;59760;2023-08-01 17:17
Pharmacie Centrale Pavot;pharmacie-pavot-solesmes.com;59730;2023-08-01 17:17
Pharmacie De La Gare - Feignies;pharmacie-de-la-gare-feignies.com;59750;2023-08-01 17:17
Pharmacie Legrand - Grande-Synthe;pharmacie-legrand-grande-synthe.com;59760;2023-08-01 17:17
Pharmacie De La Place - Ferrière-la-Grande;pharmacie-place-ferriere-la-grande.fr;59680;2023-08-01 17:17
Pharmacie Jean Jaures;pharmacie-jean-jaures-59620.fr;59620;2023-08-01 17:17
Pharmacie Dehaut Vanheems;pharmacie-dehaut-vanheems.fr;59690;2023-08-01 17:17
Pharmacie du Carillon;pharmacieducarillon-bourbourg.fr;59630;2023-08-01 17:17
Pharmacie du Pont de Bois;pharmacie-pont-de-bois.fr;59650;2023-08-01 17:17
Pharmacie Du Héron;pharmacie-du-heron-villeneuve-dascq.com;59650;2023-08-01 17:17
Pharmacie Du Bourg Marcq;pharmacie-du-bourg-marcq.com;59700;2023-08-01 17:17
Pharmacie Du Tilleul;pharmaciedutilleul.fr;59600;2023-08-01 17:17
Pharmacie Mariposa;pharmacie-mariposa-raismes.com;59590;2023-08-01 17:17
Pharmacie Du Faubourg De Mons;pharmacie-du-faubourg-de-mons.fr;59600;2023-08-01 17:17
Nouvelle Pharmacie De Comines;nouvelle-pharmacie-comines.fr;59560;2023-08-01 17:17
Pharmacie Devallez - Bavay;pharmaciedevallez.fr;59570;2023-08-01 17:17
Pharmacie Du Centre - Aulnoye-Aymeries;pharmacie-du-centre-aulnoye-aymeries.com;59620;2023-08-01 17:17
Pharmacie De La Sambre;pharmacie-sambre-jeumont.fr;59460;2023-08-01 17:17
Pharmacie de l'avenir Douai;pharmacieavenirdouai.fr;59500;2023-08-01 17:17
Pharmacie des flandres;pharmacie-des-flandres.com;59520;2023-08-01 17:17
Pharmacie Douriez;pharmacie-douriez-petite-foret.com;59494;2023-08-01 17:17
Pharmacie de Beaumont;pharmacie-beaumont-hem.fr;59510;2023-08-01 17:17
Pharmacie de la Justice;pharmacie-justice.fr;59390;2023-08-01 17:17
Pharmacie De La Place - Anzin;pharmacie-de-la-place-anzin.com;59410;2023-08-01 17:17
Pharmacie Sainte Hélène;pharmacie-saintehelene.fr;59350;2023-08-01 17:17
Pharmacie Devallez - Le Cateau-Cambrésis;pharmacie-devallez.fr;59360;2023-08-01 17:17
Pharmacie de la Liberté - Saint-Pol;pharmaciedelaliberte-saint-pol-sur-mer.com;59430;2023-08-01 17:17
Pharmacie Du Pont Michelet (PROMETHIUM);pharmacie-michelet-cambrai.com;59400;2023-08-01 17:17
Pharmacie Dessailliez;pharmacie-dessailliez.fr;59350;2023-08-01 17:17
Pharmacie Delobelle;pharmacie-delobelle-orchies.fr;59310;2023-08-01 17:17
Pharmacie Du Marché - Haubourdin;pharmacie-marche-haubourdin.fr;59320;2023-08-01 17:17
Pharmacie Carlier;pharmacie-carlier-hautmont.com;59330;2023-08-01 17:17
Pharmacie Van Welden;pharmacie-vanwelden-mouchin.fr;59310;2023-08-01 17:17
​Pharmacie de la Gare - Hautmont;pharmacie-de-la-gare-hautmont.com;59330;2023-08-01 17:17
Pharmacie de la Pyramide - Valenciennes;pharma-pyramide-valenciennes.fr;59300;2023-08-01 17:17
Pharmacie du Pavé de Lille;pharmacie-pavedelille.fr;59290;2023-08-01 17:17
Pharmacie Plessiet;pharmacie-plessiet.fr;59300;2023-08-01 17:17
Pharmacie Bouton;pharmacie-bouton-armentieres.fr;59280;2023-08-01 17:17
Pharmacie de Beaumont Guesnain;pharmacie-de-beaumont.fr;59287;2023-08-01 17:17
Pharmacie de la République - Armentières;pharmacie-republique-armentieres.fr;59280;2023-08-01 17:17
Pharmacie De L'Octroi;pharmacie-octroi-hellemmes.fr;59260;2023-08-01 17:17
Pharmacie Feutrie;pharmacie-feutrie.fr;59253;2023-08-01 17:17
Pharmacie Picot - La Gorgue;pharmacie-picot-la-gorgue.fr;59253;2023-08-01 17:17
Pharmacie Copin;pharmacie-copin.fr;59267;2023-08-01 17:17
Pharmacie de la Tour;pharmacie-saint-amand.fr;59230;2023-08-01 17:17
Pharmacie Wallet;pharmacie-wallet.fr;59239;2023-08-01 17:17
Pharmacie du Centre (Sobrie);pharmacie-centre-teteghem.fr;59229;2023-08-01 17:17
Pharmacie Pamart;pharmacie-pamart.com;59244;2023-08-01 17:17
Pharmacie De Santes;pharmacie-santes.fr;59211;2023-08-01 17:17
Pharmacie Puskaric;pharmacie-puskaric-denain.com;59220;2023-08-01 17:17
Pharmacie Dellise;pharmacie-dellise.com;59227;2023-08-01 17:17
Pharmacie D'Ercan;pharmacie-ercan-erquinghem-lys.com;59193;2023-08-01 17:17
Pharmacie du Clinquet (Liagre);pharmacie-du-clinquet.fr;59200;2023-08-01 17:17
Pharmacie Vitale;pharmacievitale.fr;59200;2023-08-01 17:17
Pharmacie Des Francs;;59200;2023-08-01 17:17
Pharmacie du Cèdre (Carlier Therage);pharmacie-cedre-roeulx.fr;59172;2023-08-01 17:17
Pharmacie Notre Dame - Hazebrouck;pharmacie-notre-dame-hazebrouck.com;59190;2023-08-01 17:17
Pharmacie d'Hasnon;pharmacie-hasnon.fr;59178;2023-08-01 17:17
Pharmacie Galerneau;pharma-galerneau.fr;59177;2023-08-01 17:17
Pharmacie Dewitte;pharmacie-dewitte.fr;59180;2023-08-01 17:17
Pharmacie De Fenain;pharmacie-de-fenain.fr;59179;2023-08-01 17:17
Pharmacie Dumortier;pharmacie-dumortier-croix.com;59170;2023-08-01 17:17
SELARL Pharmacie Schouteeten / du bourg;pharmacie-du-bourg-auberchicourt.fr;59165;2023-08-01 17:17
Pharmacie Centrale - Lomme;pharmacie-centrale-lomme.com;59160;2023-08-01 17:17
Pharmacie Charles Mathieu;pharmacie-charles-mathieu.com;59156;2023-08-01 17:17
Pharmacie Duhamel;pharmacie-duhamel.com;59153;2023-08-01 17:17
Pharmacie de Boussois;pharmaciedeboussois.com;59168;2023-08-01 17:17
Pharmacie De Bonsecours;pharmacie-de-bonsecours.com;59163;2023-08-01 17:17
Pharmacie Lernould;pharmacie-lernould-bousbecque.fr;59166;2023-08-01 17:17
Pharmacie Plaetevoet;pharmacie-plaetevoet-flineslezraches.com;59148;2023-08-01 17:17
Pharmacie du Château - Chéreng;pharmacie-chereng.fr;59152;2023-08-01 17:17
Pharmacie de la Mairie Iwuy;pharmacie-mairie-iwuy.fr;59141;2023-08-01 17:17
Pharmacie De La Thure;pharmaciedelathure.com;59149;2023-08-01 17:17
Pharmacie Saint Charles;pharmacie-saint-charles.com;59150;2023-08-01 17:17
SELARL Pharmacie De La Victoire;pharmacie-victoire-dunkerque.fr;59140;2023-08-01 17:17
Pharmacie Du Mélantois;pharmacie-melantois.com;59152;2023-08-01 17:17
Pharmacie Statius;pharmacie-statius.fr;59147;2023-08-01 17:17
Pharmacie Brochet-Carpentier;pharmacie-wattrelos.com;59150;2023-08-01 17:17
Pharmacie De Camphin;pharmacie-de-camphin.com;59133;2023-08-01 17:17
Pharmacie Carette;pharmacie-carette-wavrin.fr;59136;2023-08-01 17:17
Pharmacie Hubinet;pharmacie-hubinet-maubeuge.com;59131;2023-08-01 17:17
Pharmacie De Paris;pharmacie-paris-dunkerque.com;59140;2023-08-01 17:17
Pharmacie Des 4 Rues;pharmacie-4-rues-wallers.com;59135;2023-08-01 17:17
Pharmacie du Champ de Courses;pharmacie-champ-courses.fr;59130;2023-08-01 17:17
Pharmacie Druon;pharmaciephalempin.com;59133;2023-08-01 17:17
Pharmacie de la Fagne;pharmacie-fagne-trelon.fr;59132;2023-08-01 17:17
Pharmacie Des Glacis;pharmacie-glacis-dunkerque.fr;59140;2023-08-01 17:17
Pharmacie du Bourg Lambersart;pharmacie-du-bourg-lambersart.fr;59130;2023-08-01 17:17
Pharmacie Du Canon D'Or;pharmacie-canon-or.fr;59130;2023-08-01 17:17
Pharmacie De Trith;pharmacie-de-trith.fr;59125;2023-08-01 17:17
Pharmacie du Boulevard - Loos;pharmacie-boulevard-loos.fr;59120;2023-08-01 17:17
Pharmacie d'ennequin;pharmacie-ennequin-loos.fr;59120;2023-08-01 17:17
Pharmacie De L'Hôtel De Ville - Linselles;pharmacie-hoteldeville-linselles.fr;59126;2023-08-01 17:17
Pharmacie Des Hauts De France;pharmacie-hautsdefrance-escaudain.com;59124;2023-08-01 17:17
Pharmacie de la Madeleine - La Madeleine;lamadeleinepharma.com;59110;2023-08-01 17:17
Pharmacie Legrand - Bouchain;pharmacie-legrand-bouchain.fr;59111;2023-08-01 17:17
Pharmacie Titeca;pharmacie-titeca-wervicq.fr;59117;2023-08-01 17:17
Pharmacie Nouvelle Madeleine;pharmacie-nouvelle-madeleine.com;59110;2023-08-01 17:17
Pharmacie De La Drève;pharmaciedeladreve.fr;59113;2023-08-01 17:17
Pharmacie Piot;pharmacie-piot-leers.com;59115;2023-08-01 17:17
Pharmacie Botanique;pharmacie-botanique-la-madeleine.fr;59110;2023-08-01 17:17
Pharmacie des Arts;pharmacie-des-arts-roubaix.fr;59100;2023-08-01 17:17
Pharmacie de l'Avenir;pharmacie-de-lavenir-roubaix.fr;59100;2023-08-01 17:17
Pharmacie Sainte-Claire;pharmacie-sainte-claire-roubaix.fr;59100;2023-08-01 17:17
Pharmacie Saint Antoine;pharmacie-saint-antoine-ploermel.fr;56800;2023-08-01 17:17
Pharmacie de la Liberté - Lille;pharma-liberte-lille.fr;59000;2023-08-01 17:17
Pharmacie Du Berger;pharmacie-du-berger-lille.com;59000;2023-08-01 17:17
Pharmacie Du Faubourg Des Postes;phie-faubourgdespostes-lille.fr;59000;2023-08-01 17:17
Pharmacie Cormontaigne;pharmaciecormontaigne.fr;59000;2023-08-01 17:17
Pharmacie de Plaudren;pharmacie-de-plaudren.fr;56420;2023-08-01 17:17
Pharmacie Roche;pharmacie-roche-rieux.com;56350;2023-08-01 17:17
Pharmacie des Plages;pharmaciedesplages.fr;56260;2023-08-01 17:17
Pharmacie Marteville;pharmacie-marteville-plouhinec.com;56680;2023-08-01 17:17
Pharmacie de la Mairie (Billoir);pharmacie-de-la-mairie-languidic.fr;56440;2023-08-01 17:17
Pharmacie Marchal;pharmacie-marchal-plumelin.fr;56500;2023-08-01 17:17
Pharmacie de Vaiges;pharmacie-de-vaiges.fr;53480;2023-08-01 17:17
Pharmacie Pinçon;pharmacie-pincon-change.com;53810;2023-08-01 17:17
Pharmacie Johan;pharmacie-johan.com;53410;2023-08-01 17:17
Pharmacie Cossé le Vivien;pharmacie-cosse-le-vivien.fr;53230;2023-08-01 17:17
Pharmacie Bouliere;pharmacie-bouliere-aron.fr;53440;2023-08-01 17:17
Pharmacie Du Centre - Évron;pharmacie-du-centre-evron.com;53600;2023-08-01 17:17
Pharmacie La Liberté - Lorient;pharmacie-la-liberte-lorient.com;56100;2023-08-01 17:17
Pharmacie Du Parc Saint Berthevin;pharmacie-du-parc-saint-berthevin.com;53940;2023-08-01 17:17
Pharmacie Des Sports;pharmacie-des-sports-evron.com;53600;2023-08-01 17:17
Pharmacie Des Alizés - Louverné;pharmacie-des-alizes-louverne.fr;53950;2023-08-01 17:17
Pharmacie Des Avaloirs;pharmacie-des-avaloirs.com;53370;2023-08-01 17:17
Pharmacie Lamoureux;pharmacie-lamoureux-villedieu-les-poeles.com;50800;2023-08-01 17:17
Pharmacie Ollivier;pharmacie-ollivier-quettreville.fr;50660;2023-08-01 17:17
Pharmacie Lefranc-Levêque;pharmacie-lefranc-leveque-granville.com;50350;2023-08-01 17:17
Pharmacie Le Borgne;pharmacie-leborgne-mayenne.com;53100;2023-08-01 17:17
Pharmacie de Montmartin-sur-Mer;pharmacie-montmartin.com;50590;2023-08-01 17:17
Pharmacie de la Paix - Laval;pharmacie-de-la-paix-laval.fr;53000;2023-08-01 17:17
Pharmacie Dudoignon;pharmacie-dudoignon-brain-sur-allonnes.com;49650;2023-08-01 17:17
Pharmacie Uzureau;pharmacie-uzureau.fr;49620;2023-08-01 17:17
Pharmacie Haudebourg;pharmacie-haudebourg-cande.fr;49440;2023-08-01 17:17
Pharmacie Hy-Beneteau;pharmacie-hy-beneteau-sevremoine.fr;49450;2023-08-01 17:17
Pharmacie d'Agneaux;la-pharmacie-vert-pom.fr;50180;2023-08-01 17:17
Pharmacie De L'Estran;pharmacie-de-lestran-agon-coutainville.fr;50230;2023-08-01 17:17
Pharmacie Gatillon (anc. Bourgeois);pharmacie-gatillon-fontevraud-labbaye.com;49590;2023-08-01 17:17
Pharmacie de l'Archipel;pharmaciedelarchipel-cherbourg.fr;50100;2023-08-01 17:17
Pharmacie en Anjou Bleu (anc. Pharmacie Taglioni);pharmacie-segre-en-anjou-bleu.fr;49500;2023-08-01 17:17
Pharmacie PK3;pharmacie-pk3-cholet.com;49300;2023-08-01 17:17
Pharmacie Piffeteau;pharmacie-piffeteau-chalonnes-sur-loire.fr;49290;2023-08-01 17:17
SELARL Pharmacie Des Champs;pharmacie-becon-les-granits.fr;49370;2023-08-01 17:17
Pharmacie Fonteneau;pharmacie-fonteneau-trementines.fr;49340;2023-08-01 17:17
Pharmacie des Fourriers;pharmacie-des-fourriers.fr;49390;2023-08-01 17:17
Pharmacie Orléans;pharmacie-orleans-saumur.com;49400;2023-08-01 17:17
Pharmacie Du Parc - Maulevrier;pharmacie-du-parc-maulevrier.fr;49360;2023-08-01 17:17
Pharmacie Bouffard;pharmacie-bouffard-despretz.com;49130;2023-08-01 17:17
Pharmacie Des Rives Du Loir;pharmacie-des-rives-du-loir.fr;49140;2023-08-01 17:17
Pharmacie Du Grand Marché - Baugé;pharmacie-du-grand-marche-bauge.com;49150;2023-08-01 17:17
Pharmacie Du Bois Du Roy;pharmacie-du-bois-du-roy-avrille.fr;49240;2023-08-01 17:17
Pharmacie Du Centre - Le May sur Èvre;pharmacie-du-centre-le-may-sur-evre.fr;49122;2023-08-01 17:17
SELAS Pharmacie Des Meuniers;pharmacie-le-plessis-grammoire.fr;49124;2023-08-01 17:17
Pharmacie Du Parc à Saint-Barthélemy-d'Anjou;pharmacie-du-parc-saint-barthelemy-anjou.fr;49124;2023-08-01 17:17
Pharmacie des Fougères;pharmacie-des-fougeres-saint-georges-sur-loire.fr;49170;2023-08-01 17:17
Pharmacie des Halles - Beaufort-en-Anjou;pharmacie-des-halles-beaufort-en-anjou.fr;49250;2023-08-01 17:17
Pharmacie De Linières;pharmacie-de-linieres.fr;49070;2023-08-01 17:17
Pharmacie de l'Hyrôme;pharmacie-de-lhyrome-chemille.fr;49120;2023-08-01 17:17
Pharmacie Ritouet Poirier;pharmacie-ritouet-poirier-bouchemaine.com;49080;2023-08-01 17:17
Pharmacie Belloni-Levesque;pharmacie-belloni-levesque-briare.fr;45250;2023-08-01 17:17
Pharmacie De La Place Lafayette;pharmacie-de-la-place-lafayette-angers.com;49000;2023-08-01 17:17
Pharmacie Briant;pharmacie-le-pin-en-mauges.fr;49110;2023-08-01 17:17
Pharmacie Monjardet;pharmacie-monjardet-les-bordes.com;45460;2023-08-01 17:17
Pharmacie Allonneau;pharmacie-allonneau-angers.fr;49100;2023-08-01 17:17
Pharmacie Nicolleau-Dilé;pharmacie-nicolleau-dile-chemille.com;49120;2023-08-01 17:17
Pharmacie De Sainte Bazeille;pharmacie-de-sainte-bazeille.fr;47180;2023-08-01 17:17
Pharmacie du Centre - Le Pouliguen;pharmacie-du-centre-le-pouliguen.fr;44510;2023-08-01 17:17
Pharmacie Saint Guénolé;pharmacie-saint-guenole.com;44740;2023-08-01 17:17
Pharmacie des Echoppes;pharmacie-des-echoppes-bouaye.fr;44830;2023-08-01 17:17
Pharmacie Paz'Santé (anc. Mignen Charbeaux);pharmacie-paz-sante.fr;44680;2023-08-01 17:17
Pharmacie du Port - Le Pouliguen;pharmacie-du-port-le-pouliguen.com;44510;2023-08-01 17:17
Pharmacie Océane;pharmacie-oceane-le-croisic.fr;44490;2023-08-01 17:17
Pharmacie Du Pays Blanc;pharmacie-du-pays-blanc-guerande.fr;44350;2023-08-01 17:17
Pharmacie Villers;pharmacie-joue-sur-erdre.fr;44440;2023-08-01 17:17
Pharmacie Bégo;pharmacie-bego-donges.fr;44480;2023-08-01 17:17
Pharmacie Des 3 Rivières;pharmacie-guemene-penfao.com;44290;2023-08-01 17:17
Pharmacie de la Sablière;pharmacie-de-la-sabliere-44260.com;44260;2023-08-01 17:17
Pharmacie Mangin;pharmacie-mangin-ile-de-nantes.com;44200;2023-08-01 17:17
Pharmacie Schmitzberger;pharmacie-schmitzberger-saint-brevin-les-pins.com;44250;2023-08-01 17:17
Pharmacie Du Port - Pornic;pharmacie-du-port-pornic.fr;44210;2023-08-01 17:17
Pharmacie Thireau;pharmacie-thireau-ancenis.com;44150;2023-08-01 17:17
Pharmacie De La Planche;pharmacie-de-la-planche.com;44140;2023-08-01 17:17
Pharmacie Méneux;pharmacie-clisson.fr;44190;2023-08-01 17:17
Pharmacie Viarme;la-pharmacie-viarme.com;44000;2023-08-01 17:17
Pharmacie Pasteur - Nantes;pharmacie-pasteur-nantes.com;44100;2023-08-01 17:17
Pharmacie Du Grand Pont;pharmacie-du-grand-pont.fr;42800;2023-08-01 17:17
Pharmacie de Genilac;pharmacie-de-genilac.fr;42800;2023-08-01 17:17
Pharmacie Moiroud;pharmacie-moiroud.fr;42450;2023-08-01 17:17
Pharmacie Notre Dame - Montbrison;pharmacie-notre-dame-montbrison.fr;42600;2023-08-01 17:17
Pharmacie Du Breuil;pharmacie-du-breuil-firminy.fr;42700;2023-08-01 17:17
Pharmacie du Pilat;;42740;2023-08-01 17:17
Pharmacie Des Platanes;pharmacie-des-platanes-sorbiers.fr;42290;2023-08-01 17:17
Pharmacie De L'Universite - M.Kamga;pharmacie-de-luniversite-saint-etienne.fr;42100;2023-08-01 17:17
Pharmacie Parmeland;pharmacie-parmeland-andrezieux-boutheon.fr;42160;2023-08-01 17:17
Pharmacie de l'Avion;pharmacie-de-lavion.fr;42160;2023-08-01 17:17
Pharmacie Fournier;pharmacie-fournier-roanne.fr;42300;2023-08-01 17:17
Pharmacie Anatole France;;42000;2023-08-01 17:17
Pharmacie De Givray;pharmacie-de-givray.fr;38550;2023-08-01 17:17
Pharmacie du Mail;pharmacie-vieux-boucau.fr;40480;2023-08-01 17:17
Pharmacie Bertolino;pharmacie-bertolino-saint-cyr-sur-loire.com;37540;2023-08-01 17:17
Pharmacie du Val de Cisse;pharmacie-du-val-de-cisse-limeray.fr;37530;2023-08-01 17:17
Pharmacie Sainte-Anne La Riche;pharmacie-sainte-anne-la-riche.fr;37520;2023-08-01 17:17
Pharmacie Deboeuf;pharmacie-deboeuf-poce-sur-cisse.fr;37530;2023-08-01 17:17
Pharmacie Saint epain;pharmacie-saint-epain.com;37800;2023-08-01 17:17
Pharmacie de Saint-Pierre - Sainte-Pierre-des-Corps;pharmacie-saint-pierre-des-corps.fr;37700;2023-08-01 17:17
Pharmacie de la Capuche;pharmacie-la-capuche.fr;38100;2023-08-01 17:17
Grande Pharmacie Couturier;grande-pharmacie-couturier.fr;38200;2023-08-01 17:17
Pharmacie Chantepie;pharmacie-chantepie-joue-les-tours.fr;37300;2023-08-01 17:17
Pharmacie du Château - Amboise;pharmacie-du-chateau-amboise.fr;37400;2023-08-01 17:17
Pharmacie Piron;pharmacie-piron-monnaie.fr;37380;2023-08-01 17:17
Pharmacie du Véron;pharmacie-beaumont-en-veron.fr;37420;2023-08-01 17:17
Pharmacie du Bien Être;pharmacie-du-bien-etre-irodouer.fr;35850;2023-08-01 17:17
Pharmacie du Marché - Richelieu;pharmacie-du-marche-richelieu.fr;37120;2023-08-01 17:17
Pharmacie Métayer-Langlois (ex Pharmacie Des Longs Champs);pharmacie-des-longs-champs-rennes.com;35700;2023-08-01 17:17
Pharmacie De Pleine-Fougères;pharmacie-de-pleine-fougeres.com;35610;2023-08-01 17:17
Pharmacie de Rochecorbon;pharmacie-de-rochecorbon.fr;37210;2023-08-01 17:17
Pharmacie des deux lions;pharmacie-des-deux-lions-tours.fr;37200;2023-08-01 17:17
Pharmacie de la Mairie - Acigne;pharmacie-de-la-mairie-acigne.fr;35690;2023-08-01 17:17
Pharmacie Du Roc;pharmacie-du-roc-louvigne-du-desert.fr;35420;2023-08-01 17:17
Pharmacie Bureau;https://www.pharmacie-saint-georges-de-reintembault.fr/;35420;2023-08-01 17:17
Pharmacie Schneegans;pharmacie-schneegans-montreuil-sur-ille.com;35440;2023-08-01 17:17
Pharmacie Guarnieri;pharmacie-saint-coulomb.com;35350;2023-08-01 17:17
Pharmacie de la Place des Gâtes;pharmacie-de-la-place-des-gates-chateaugiron.com;35410;2023-08-01 17:17
Pharmacie des Cotterets;pharmacie-des-cotterets-fougeres.fr;35300;2023-08-01 17:17
Pharmacie Des Corsaires;pharmacie-des-corsaires-saint-malo.com;35400;2023-08-01 17:17
Pharmacie du Chêne Vert (Hôtel de Ville) - Bain-de-Bretagne;pharmacie-du-chene-vert.fr;35470;2023-08-01 17:17
Pharmacie de Rocabey;pharmacie-de-rocabey-saint-malo.fr;35400;2023-08-01 17:17
Pharmacie Papet Morillon;pharmacie-papet-morillon-bain-de-bretagne.fr;35470;2023-08-01 17:17
Pharmacie Pascal;pharmacie-pascal-rennes.fr;35000;2023-08-01 17:17
Pharmacie De Reignac;pharmacie-de-reignac.fr;33860;2023-08-01 17:17
Pharmacie du Vendelais;https://www.pharmacie-chatillon-en-vendelais.fr/;35210;2023-08-01 17:17
Pharmacie Luitre-Dompierre;https://www.pharmacie-luitre-dompierre.fr/;35133;2023-08-01 17:17
Pharmacie Floury;pharmacie-floury-prignac.com;33710;2023-08-01 17:17
Pharmacie de l'Étang de la Cane (anc. Saint Nicolas);pharmacie-de-letang-de-la-cane.fr;35160;2023-08-01 17:17
Pharmacie de Bourg (anc. Lafon);pharmacie-de-bourg.fr;33710;2023-08-01 17:17
Pharmacie De Gauriac;pharmacie-de-gauriac.com;33710;2023-08-01 17:17
Pharmacie de Mestras;pharmaciedemestras.com;33470;2023-08-01 17:17
Pharmacie d'Artigues;pharmacie-artigues.fr;33370;2023-08-01 17:17
Pharmacie Porte Du Médoc;pharmacie-porte-du-medoc-castelnau.com;33480;2023-08-01 17:17
Pharmacie de Rauzan;pharmacie-de-rauzan.com;33420;2023-08-01 17:17
Pharmacie Du Stade - Bruges;pharmacie-du-stade-bruges.com;33520;2023-08-01 17:17
Pharmacie Turcat;pharmacie-turcat-carbon-blanc.com;33560;2023-08-01 17:17
Pharmacie Du Bourgailh;pharmacie-du-bourgailh-merignac.com;33700;2023-08-01 17:17
Pharmacie de Magonty;pharmaciemagonty.fr;33600;2023-08-01 17:17
Pharmacie De Sainte-Terre;pharmacie-de-sainte-terre.com;33350;2023-08-01 17:17
Pharmacie Dulin - Guimard;pharmacie-de-branne.fr;33420;2023-08-01 17:17
Pharmacie Mallet;pharmacie-mallet.com;33160;2023-08-01 17:17
Pharmacie des Ecoles;pharmacie-des-ecoles.fr;33240;2023-08-01 17:17
Pharmacie Du Pont Rouge;pharmacie-du-pont-rouge-cenon.com;33150;2023-08-01 17:17
Pharmacie D'Hastignan;pharmacie-dhastignan.com;33160;2023-08-01 17:17
Pharmacie de La Pointe - Lormont;pharmacie-de-la-pointe-lormont.com;33310;2023-08-01 17:17
Pharmacie Océane Benodet;pharmacie-oceane-benodet.fr;29950;2023-08-01 17:17
Pharmacie Les Amandiers;pharmacie-les-amandiers.com;33200;2023-08-01 17:17
Pharmacie Des Ponts Eiffel;pharmacie-des-ponts-eiffel-cubzac.com;33240;2023-08-01 17:17
Pharmacie Guiziéroise;pharmacie-guizieroise.com;33230;2023-08-01 17:17
Pharmacie Quai Carnot;pharmacie-quai-carnot-concarneau.fr;29900;2023-08-01 17:17
Pharmacie Lamothe Landerron;pharmacie-lamothe-landerron.fr;33190;2023-08-01 17:17
Pharmacie Gorse-Lavanant;pharmacie-pleyber-christ.fr;29410;2023-08-01 17:17
Pharmacie de la Basse Ville;pharmacie-de-la-basse-ville-quimperle.fr;29300;2023-08-01 17:17
Pharmacie du Guilvinec (anc. Riou);pharmacieguilvinec.com;29730;2023-08-01 17:17
Pharmacie Richard (De L'Elorn);pharmacie-richard-la-forest-landerneau.com;29800;2023-08-01 17:17
Pharmacie De Kerhor;pharmacie-kerhor-quimperle.fr;29300;2023-08-01 17:17
Pharmacie Rosais;pharmacie-rosais-plouescat.fr;29430;2023-08-01 17:17
Pharmacie Boëdec;pharmacie-boedec-coray.com;29370;2023-08-01 17:17
Pharmacie de la Madeleine Morlaix;pharmacie-de-la-madeleine-morlaix.fr;29600;2023-08-01 17:17
Pharmacie Du Vieux Marché;pharmacie-du-vieux-marche-voves.fr;28150;2023-08-01 17:17
Pharmacie Normande - Thiberville;pharmacie-normande-thiberville.com;27230;2023-08-01 17:17
Pharmacie de la Barre en Ouche;pharmacie-de-la-barre-en-ouche.fr;27330;2023-08-01 17:17
Pharmacie Du Damier;pharmacie-du-damier-montelimar.fr;26200;2023-08-01 17:17
Pharmacie De L'Église - Pont-Audemer;pharmacie-pont-audemer.com;27500;2023-08-01 17:17
Pharmacie du Littoral - Trébeurden;pharmacie-trebeurden.bzh;22560;2023-08-01 17:17
Pharmacie de Tocane;pharmacie-de-tocane.fr;24350;2023-08-01 17:17
Pharmacie des Romains;pharmaciedesromains.com;24750;2023-08-01 17:17
Pharmacie Saint-Jacut;pharmacie-saint-jacut-de-la-mer.fr;22750;2023-08-01 17:17
Pharmacie Humbert;pharmacie-humbert-coursac.fr;24430;2023-08-01 17:17
Pharmacie des Reynats;pharmaciedesreynats.com;24650;2023-08-01 17:17
Pharmacie du Pelem;pharmacie-saint-nicolas-du-pelem.fr;22480;2023-08-01 17:17
Pharmacie De Gardonne;pharmacie-de-gardonne.com;24680;2023-08-01 17:17
Pharmacie de la Cavaille;pharmacie-de-la-cavaille-bergerac.com;24100;2023-08-01 17:17
Pharmacie Fercoq;pharmacie-fercoq-rostrenen.com;22110;2023-08-01 17:17
Pharmacie Simon;pharmacie-simon-corlay.com;22320;2023-08-01 17:17
Pharmacie des Quais (anc. Plouguiel);pharmacie-de-plouguiel.com;22220;2023-08-01 17:17
La Pharmacie du Château - Sainte-Fortunade;la-pharmacie-du-chateau.fr;19490;2023-08-01 17:17
Pharmacie Pen Ar Ru;pharmacie-penarru-lannion.com;22300;2023-08-01 17:17
Pharmacie Rochoise;pharmacie-la-roche-jaudy.fr;22450;2023-08-01 17:17
Pharmacie du Centre - Dinan;pharmacie-du-centre-dinan.fr;22100;2023-08-01 17:17
Pharmacie d'Armor - Saint-Brieuc;pharmacie-darmor-saint-brieuc.com;22000;2023-08-01 17:17
Pharmacie du Chalet (anc. Barbé-Douard);pharmacie-du-chalet-broons.fr;22250;2023-08-01 17:17
Pharmacie De Puymaret;pharmacie-de-puymaret-malemort.fr;19360;2023-08-01 17:17
Pharmacie Saint Pierre - Plelo;pharmacie-saint-pierre-plelo.fr;22170;2023-08-01 17:17
Pharmacie Du Lié;pharmacie-du-lie-la-cheze.com;22210;2023-08-01 17:17
Pharmacie Devanne;pharmacie-devanne-bords.fr;17430;2023-08-01 17:17
Pharmacie Du Gua;pharmacie-du-gua.fr;17600;2023-08-01 17:17
Pharmacie Alard Guimard;pharmacie-alard-guimard-jonzac.com;17500;2023-08-01 17:17
Pharmacie Mourier;pharmacie-mourier-ozillac.fr;17500;2023-08-01 17:17
SELARL Pharmacie De L'Aunis;pharmacie-de-l-aunis.com;17700;2023-08-01 17:17
Grande Pharmacie du Trech;grande-pharmacie-du-trech-tulle.fr;19000;2023-08-01 17:17
Pharmacie Imbert;pharmacie-imbert-beauvais-sur-matha.com;17490;2023-08-01 17:17
Pharmacie de l'Avenue de Bordeaux;pharmacie-avenue-de-bordeaux-brive.fr;19100;2023-08-01 17:17
Pharmacie de la Place - Bort-les-Orgues;pharmacie-de-la-place-bort-les-orgues.fr;19110;2023-08-01 17:17
Pharmacie du Beffroi;pharmacie-du-beffroi-dun-sur-auron.fr;18130;2023-08-01 17:17
Pharmacie de Saint Hilaire;pharmacie-assiandi-saint-hilaire-villefranche.com;17770;2023-08-01 17:17
Pharmacie de Médis;pharmacie-medis.fr;17600;2023-08-01 17:17
Pharmacie Des Claires;www.pharmacie-des-claires.fr;17320;2023-08-01 17:17
Pharmacie Des Oiseaux De Mer;pharmaciedesoiseauxdemer.fr;17140;2023-08-01 17:17
Pharmacie Colbert;pharmacie-colbert-rochefort.com;17300;2023-08-01 17:17
Pharmacie Du 14 Juillet;pharmacie-du-14-juillet-rochefort.com;17300;2023-08-01 17:17
Pharmacie Re La Blanche;pharmacie-re-la-blanche.com;17410;2023-08-01 17:17
Pharmacie de Ciré d'Aunis;pharmacie-de-cire-daunis.fr;17290;2023-08-01 17:17
Pharmacie De L'Ocean - Royan;pharmacie-ocean-royan.fr;17200;2023-08-01 17:17
Pharmacie Cap Atlantique;pharmacie-cap-atlantique.fr;17340;2023-08-01 17:17
Pharmacie Vincent;pharmacie-vincent-saint-sulpice-de-royan.com;17200;2023-08-01 17:17
Pharmacie De Pontaillac;pharmacie-de-pontaillac.com;17200;2023-08-01 17:17
Pharmacie de l'Houmeau;pharmacie-de-lhoumeau.fr;17137;2023-08-01 17:17
Pharmacie Louis Guillet;pharmacie-louis-guillet-la-rochelle.fr;17000;2023-08-01 17:17
Pharmacie Coubret;pharmacie-coubret-confolens.fr;16500;2023-08-01 17:17
Pharmacie De Villeneuve;pharmacie-villeneuve-la-rochelle.fr;17000;2023-08-01 17:17
Pharmacie Parot;pharmacie-parot-nersac.fr;16440;2023-08-01 17:17
Pharmacie Des Fins Bois;pharmacie-des-fins-bois-sigogne.com;16200;2023-08-01 17:17
Pharmacie De Ruelle Centre;pharmacie-de-ruelle-centre.fr;16600;2023-08-01 17:17
Pharmacie Val de Tardoire;pharmacie-val-de-tardoire.fr;16220;2023-08-01 17:17
Pharmacie des Minotiers;pharmacie-des-minotiers.fr;17120;2023-08-01 17:17
Pharmacie du Pays d'Aigre;pharmacie-du-pays-daigre.fr;16140;2023-08-01 17:17
Pharmacie Du Blanzacais;pharmacie-du-blanzacais.fr;16250;2023-08-01 17:17
Pharmacie du Château - Jarnac;pharmacie-du-chateau-jarnac.fr;16200;2023-08-01 17:17
Pharmacie Rive Droite;pharmacie-rive-droite-saintes.fr;17100;2023-08-01 17:17
Pharmacie de Luxé;pharmacie-de-luxe.fr;16230;2023-08-01 17:17
Pharmacie de Didonne;pharmacie-de-didonne.fr;17110;2023-08-01 17:17
Pharmacie de l'Église (Saint-Georges-de-Didonne);pharmacie-saint-georges-de-didonne.fr;17110;2023-08-01 17:17
Pharmacie Herboristerie (anc. Champagne);pharmacie-herboristerie-la-rochelle.fr;17000;2023-08-01 17:17
Pharmacie d'Ars;pharmacie-ars-16130.com;16130;2023-08-01 17:17
Pharmacie Lafeuillade;pharmacie-lafeuillade.fr;15130;2023-08-01 17:17
Maxipharma Roulland (Anc. de l'Échassier);pharmacie-de-lechassier-chateaubernard.fr;16100;2023-08-01 17:17
Pharmacie Centrale - Blonville-sur-Mer;pharmacie-centrale-blonville-sur-mer.fr;14910;2023-08-01 17:17
Pharmacie Suisse Normande (anc. Choffel);pharmacie-suisse-normande.fr;14220;2023-08-01 17:17
Pharmacie des Halles - Touques;pharmacie-des-halles-touques.fr;14800;2023-08-01 17:17
Pharmacie Centrale - Lisieux;pharmacie-centrale-lisieux.com;14100;2023-08-01 17:17
Pharmacie De L'Église - Deauville;pharmacie-eglise-deauville.com;14800;2023-08-01 17:17
Pharmacie D'Isigny-Sur-Mer;pharmacie-isigny-sur-mer.com;14230;2023-08-01 17:17
Solutions Pharma;solutions-pharma.com;14700;2023-08-01 17:17
Pharmacie de Laroquebrou;pharmacie-laroquebrou.fr;15150;2023-08-01 17:17
Pharmacie Du Centre (BAYEUX);pharmacie-du-centre-bayeux.fr;14400;2023-08-01 17:17
Pharmacie des Granges;pharmacie-des-granges.fr;7500;2023-08-01 17:17
Pharmacie Carnot;pharmacie-carnot-guilherand-granges.fr;7500;2023-08-01 17:17
Pharmacie Vert;pharmacie-vert-roiffieux.fr;7100;2023-08-01 17:17
Pharmacie De Bruyères;pharmacie-de-bruyeres.com;2860;2023-08-01 17:17
Pharmacie Sarrazin;;2500;2023-08-01 17:17
Pharmacie de la République - Montluçon;pharmacie-de-la-republique-montlucon.fr;3100;2023-08-01 17:17
Pharmacie De Bien Assis;pharmacie-de-bien-assis.fr;3100;2023-08-01 17:17
Pharmacie D'Hilly;pharmacie-dhilly-chauny.com;2300;2023-08-01 17:17
Pharmacie Monfourny;pharmacie-monfourny.fr;2440;2023-08-01 17:17
Pharmacie Des Remparts;pharmacie-remparts-marle.com;2250;2023-08-01 17:17
Pharmacie de la Forêt - Saint-Gobain;pharmadelaforet.com;2410;2023-08-01 17:17
Pharmacie De La Prairie;pharmacie-de-la-prairie-belleu.com;2200;2023-08-01 17:17
Pharmacie De Bergheim;pharmacie-bergheim-chauny.fr;2300;2023-08-01 17:17
Pharmacie Du Parvis;pharmacie-parvis-marle.com;2250;2023-08-01 17:17
Pharmacie Ponthieux;pharmacie-ponthieux-chauny.fr;2300;2023-08-01 17:17
Pharmacie Coussemacq Mouiller;pharmacie-coussemacq-mouiller.com;2320;2023-08-01 17:17
Pharmacie Quaillet;pharmacie-quaillet.fr;2200;2023-08-01 17:17
Pharmacie des Aulnes;pharmacie-des-aulnes.fr;2000;2023-08-01 17:17
Pharmacie De L'Europe - Saint-Quentin;pharmacie-europe-saint-quentin.fr;2100;2023-08-01 17:17
Pharmacie Devrière;pharmacie-devriere-lesdins.com;2100;2023-08-01 17:17
Pharmacie Les 3 Lys;pharmacie-3-lys.com;2200;2023-08-01 17:17
Pharmacie de L'Eglise - Saint-Maurice-de-Gourdans;pharmacie-saint-maurice-de-gourdans.fr;1800;2023-08-01 17:17
SNC Pharmacie Freret;pharmacie-freret-venizel.fr;2200;2023-08-01 17:17
Pharmacie Saint Germain;pharmacie-villeneuve-saint-germain.fr;2200;2023-08-01 17:17
Pharmacie De Maupas;pharmacie-de-maupas-soissons.com;2200;2023-08-01 17:17
Pharmacie de la Place - Saint Quentin;pharma-place-saintquentin.fr;2100;2023-08-01 17:17
Pharmacie des 4 Colonnes;pharmacie-4-colonnes.fr;2100;2023-08-01 17:17
Pharmacie du Vermandois;pharmacie-du-vermandois.com;2100;2023-08-01 17:17
Pharmacie Ile de France;pharmacie-ile-de-france-laon.fr;2000;2023-08-01 17:17
Pharmacie Bedoy;pharmacie-ambronay.fr;1500;2023-08-01 17:17
Pharmacie Des Bains;pharmacie-des-bains.fr;1220;2023-08-01 17:17
Pharmacie Internationale;pharmacie-internationale-saint-genis.com;1630;2023-08-01 17:17
Pharmacie Revol;pharmacie-revol.fr;1210;2023-08-01 17:17
Pharmacie du Grand Genève;pharmacie-du-grand-geneve.fr;1280;2023-08-01 17:17
Pharmacie Centrale - Divonne;pharmacie-centrale-divonne-les-bains.fr;1220;2023-08-01 17:17
SELARL Pharmacie Du Fort;pharmacie-du-fort-collonges.fr;1550;2023-08-01 17:17
Pharmacie Du Levant;pharmacie-du-levant-ferney-voltaire.fr;1210;2023-08-01 17:17
SELARL Pharmacie De La Valserine;pharmacie-valserine-valserhone.fr;1200;2023-08-01 17:17
Pharmacie de Bellignat;pharmacie-de-bellignat.fr;1100;2023-08-01 17:17
Pharmacie De Priay;pharmacie-de-priay.fr;1160;2023-08-01 17:17